random,trial_label,num_firms,count
8915,original,0,225
8915,original,1,82
8915,original,2,69
8915,original,3,10
8915,original,4,65
8915,original,5,74
8915,typical_business,0,228
8915,typical_business,1,82
8915,typical_business,2,66
8915,typical_business,3,10
8915,typical_business,4,66
8915,typical_business,5,73
8915,one_percent,0,230
8915,one_percent,1,85
8915,one_percent,2,63
8915,one_percent,3,12
8915,one_percent,4,70
8915,one_percent,5,65
8915,five_percent,0,245
8915,five_percent,1,86
8915,five_percent,2,67
8915,five_percent,3,18
8915,five_percent,4,60
8915,five_percent,5,49
1318,original,0,217
1318,original,1,59
1318,original,2,85
1318,original,3,35
1318,original,4,79
1318,original,5,50
1318,typical_business,0,221
1318,typical_business,1,60
1318,typical_business,2,81
1318,typical_business,3,36
1318,typical_business,4,78
1318,typical_business,5,49
1318,one_percent,0,233
1318,one_percent,1,64
1318,one_percent,2,70
1318,one_percent,3,35
1318,one_percent,4,77
1318,one_percent,5,46
1318,five_percent,0,264
1318,five_percent,1,73
1318,five_percent,2,63
1318,five_percent,3,30
1318,five_percent,4,79
1318,five_percent,5,16
7221,original,0,270
7221,original,1,75
7221,original,2,53
7221,original,3,0
7221,original,4,55
7221,original,5,72
7221,typical_business,0,271
7221,typical_business,1,75
7221,typical_business,2,52
7221,typical_business,3,0
7221,typical_business,4,58
7221,typical_business,5,69
7221,one_percent,0,271
7221,one_percent,1,80
7221,one_percent,2,49
7221,one_percent,3,0
7221,one_percent,4,57
7221,one_percent,5,68
7221,five_percent,0,287
7221,five_percent,1,90
7221,five_percent,2,42
7221,five_percent,3,0
7221,five_percent,4,66
7221,five_percent,5,40
7540,original,0,276
7540,original,1,74
7540,original,2,3
7540,original,3,31
7540,original,4,64
7540,original,5,77
7540,typical_business,0,276
7540,typical_business,1,74
7540,typical_business,2,3
7540,typical_business,3,31
7540,typical_business,4,70
7540,typical_business,5,71
7540,one_percent,0,276
7540,one_percent,1,74
7540,one_percent,2,4
7540,one_percent,3,33
7540,one_percent,4,77
7540,one_percent,5,61
7540,five_percent,0,285
7540,five_percent,1,81
7540,five_percent,2,6
7540,five_percent,3,33
7540,five_percent,4,87
7540,five_percent,5,33
664,original,0,197
664,original,1,46
664,original,2,135
664,original,3,11
664,original,4,62
664,original,5,74
664,typical_business,0,197
664,typical_business,1,47
664,typical_business,2,134
664,typical_business,3,11
664,typical_business,4,63
664,typical_business,5,73
664,one_percent,0,197
664,one_percent,1,47
664,one_percent,2,134
664,one_percent,3,12
664,one_percent,4,62
664,one_percent,5,73
664,five_percent,0,214
664,five_percent,1,55
664,five_percent,2,123
664,five_percent,3,19
664,five_percent,4,56
664,five_percent,5,58
6137,original,0,176
6137,original,1,37
6137,original,2,160
6137,original,3,37
6137,original,4,37
6137,original,5,78
6137,typical_business,0,176
6137,typical_business,1,37
6137,typical_business,2,160
6137,typical_business,3,37
6137,typical_business,4,39
6137,typical_business,5,76
6137,one_percent,0,176
6137,one_percent,1,38
6137,one_percent,2,159
6137,one_percent,3,37
6137,one_percent,4,40
6137,one_percent,5,75
6137,five_percent,0,186
6137,five_percent,1,41
6137,five_percent,2,154
6137,five_percent,3,48
6137,five_percent,4,41
6137,five_percent,5,55
6833,original,0,252
6833,original,1,51
6833,original,2,56
6833,original,3,23
6833,original,4,74
6833,original,5,69
6833,typical_business,0,254
6833,typical_business,1,51
6833,typical_business,2,57
6833,typical_business,3,20
6833,typical_business,4,74
6833,typical_business,5,69
6833,one_percent,0,258
6833,one_percent,1,49
6833,one_percent,2,57
6833,one_percent,3,19
6833,one_percent,4,77
6833,one_percent,5,65
6833,five_percent,0,272
6833,five_percent,1,57
6833,five_percent,2,49
6833,five_percent,3,22
6833,five_percent,4,81
6833,five_percent,5,44
8471,original,0,245
8471,original,1,59
8471,original,2,44
8471,original,3,47
8471,original,4,69
8471,original,5,61
8471,typical_business,0,245
8471,typical_business,1,59
8471,typical_business,2,44
8471,typical_business,3,47
8471,typical_business,4,69
8471,typical_business,5,61
8471,one_percent,0,252
8471,one_percent,1,62
8471,one_percent,2,37
8471,one_percent,3,47
8471,one_percent,4,77
8471,one_percent,5,50
8471,five_percent,0,285
8471,five_percent,1,66
8471,five_percent,2,23
8471,five_percent,3,31
8471,five_percent,4,90
8471,five_percent,5,30
9449,original,0,262
9449,original,1,58
9449,original,2,18
9449,original,3,56
9449,original,4,71
9449,original,5,60
9449,typical_business,0,263
9449,typical_business,1,58
9449,typical_business,2,21
9449,typical_business,3,57
9449,typical_business,4,73
9449,typical_business,5,53
9449,one_percent,0,268
9449,one_percent,1,63
9449,one_percent,2,18
9449,one_percent,3,55
9449,one_percent,4,72
9449,one_percent,5,49
9449,five_percent,0,281
9449,five_percent,1,77
9449,five_percent,2,23
9449,five_percent,3,34
9449,five_percent,4,85
9449,five_percent,5,25
7322,original,0,234
7322,original,1,53
7322,original,2,90
7322,original,3,29
7322,original,4,52
7322,original,5,67
7322,typical_business,0,234
7322,typical_business,1,54
7322,typical_business,2,90
7322,typical_business,3,28
7322,typical_business,4,53
7322,typical_business,5,66
7322,one_percent,0,241
7322,one_percent,1,54
7322,one_percent,2,83
7322,one_percent,3,41
7322,one_percent,4,50
7322,one_percent,5,56
7322,five_percent,0,273
7322,five_percent,1,61
7322,five_percent,2,57
7322,five_percent,3,45
7322,five_percent,4,64
7322,five_percent,5,25
8222,original,0,234
8222,original,1,79
8222,original,2,3
8222,original,3,83
8222,original,4,60
8222,original,5,66
8222,typical_business,0,237
8222,typical_business,1,77
8222,typical_business,2,4
8222,typical_business,3,82
8222,typical_business,4,59
8222,typical_business,5,66
8222,one_percent,0,243
8222,one_percent,1,82
8222,one_percent,2,4
8222,one_percent,3,72
8222,one_percent,4,63
8222,one_percent,5,61
8222,five_percent,0,277
8222,five_percent,1,80
8222,five_percent,2,12
8222,five_percent,3,59
8222,five_percent,4,70
8222,five_percent,5,27
1182,original,0,261
1182,original,1,84
1182,original,2,3
1182,original,3,10
1182,original,4,64
1182,original,5,103
1182,typical_business,0,261
1182,typical_business,1,84
1182,typical_business,2,3
1182,typical_business,3,11
1182,typical_business,4,64
1182,typical_business,5,102
1182,one_percent,0,261
1182,one_percent,1,84
1182,one_percent,2,3
1182,one_percent,3,11
1182,one_percent,4,67
1182,one_percent,5,99
1182,five_percent,0,266
1182,five_percent,1,83
1182,five_percent,2,5
1182,five_percent,3,14
1182,five_percent,4,74
1182,five_percent,5,83
7916,original,0,230
7916,original,1,74
7916,original,2,33
7916,original,3,80
7916,original,4,46
7916,original,5,62
7916,typical_business,0,233
7916,typical_business,1,74
7916,typical_business,2,33
7916,typical_business,3,77
7916,typical_business,4,46
7916,typical_business,5,62
7916,one_percent,0,239
7916,one_percent,1,74
7916,one_percent,2,37
7916,one_percent,3,68
7916,one_percent,4,49
7916,one_percent,5,58
7916,five_percent,0,263
7916,five_percent,1,90
7916,five_percent,2,30
7916,five_percent,3,53
7916,five_percent,4,56
7916,five_percent,5,33
8060,original,0,260
8060,original,1,71
8060,original,2,42
8060,original,3,39
8060,original,4,77
8060,original,5,36
8060,typical_business,0,261
8060,typical_business,1,71
8060,typical_business,2,41
8060,typical_business,3,40
8060,typical_business,4,77
8060,typical_business,5,35
8060,one_percent,0,266
8060,one_percent,1,71
8060,one_percent,2,39
8060,one_percent,3,39
8060,one_percent,4,78
8060,one_percent,5,32
8060,five_percent,0,272
8060,five_percent,1,72
8060,five_percent,2,37
8060,five_percent,3,44
8060,five_percent,4,82
8060,five_percent,5,18
7962,original,0,185
7962,original,1,65
7962,original,2,135
7962,original,3,0
7962,original,4,61
7962,original,5,79
7962,typical_business,0,187
7962,typical_business,1,65
7962,typical_business,2,133
7962,typical_business,3,0
7962,typical_business,4,61
7962,typical_business,5,79
7962,one_percent,0,197
7962,one_percent,1,65
7962,one_percent,2,127
7962,one_percent,3,3
7962,one_percent,4,60
7962,one_percent,5,73
7962,five_percent,0,262
7962,five_percent,1,68
7962,five_percent,2,75
7962,five_percent,3,4
7962,five_percent,4,74
7962,five_percent,5,42
7644,original,0,245
7644,original,1,68
7644,original,2,50
7644,original,3,13
7644,original,4,93
7644,original,5,56
7644,typical_business,0,247
7644,typical_business,1,67
7644,typical_business,2,49
7644,typical_business,3,13
7644,typical_business,4,95
7644,typical_business,5,54
7644,one_percent,0,248
7644,one_percent,1,70
7644,one_percent,2,47
7644,one_percent,3,15
7644,one_percent,4,97
7644,one_percent,5,48
7644,five_percent,0,267
7644,five_percent,1,76
7644,five_percent,2,43
7644,five_percent,3,22
7644,five_percent,4,93
7644,five_percent,5,24
9161,original,0,167
9161,original,1,98
9161,original,2,4
9161,original,3,125
9161,original,4,63
9161,original,5,68
9161,typical_business,0,169
9161,typical_business,1,96
9161,typical_business,2,4
9161,typical_business,3,126
9161,typical_business,4,63
9161,typical_business,5,67
9161,one_percent,0,170
9161,one_percent,1,100
9161,one_percent,2,4
9161,one_percent,3,122
9161,one_percent,4,66
9161,one_percent,5,63
9161,five_percent,0,179
9161,five_percent,1,103
9161,five_percent,2,10
9161,five_percent,3,115
9161,five_percent,4,65
9161,five_percent,5,53
2431,original,0,271
2431,original,1,84
2431,original,2,11
2431,original,3,16
2431,original,4,61
2431,original,5,82
2431,typical_business,0,271
2431,typical_business,1,92
2431,typical_business,2,11
2431,typical_business,3,11
2431,typical_business,4,59
2431,typical_business,5,81
2431,one_percent,0,273
2431,one_percent,1,95
2431,one_percent,2,11
2431,one_percent,3,10
2431,one_percent,4,64
2431,one_percent,5,72
2431,five_percent,0,283
2431,five_percent,1,109
2431,five_percent,2,13
2431,five_percent,3,21
2431,five_percent,4,71
2431,five_percent,5,28
246,original,0,269
246,original,1,84
246,original,2,15
246,original,3,16
246,original,4,97
246,original,5,44
246,typical_business,0,269
246,typical_business,1,84
246,typical_business,2,16
246,typical_business,3,15
246,typical_business,4,99
246,typical_business,5,42
246,one_percent,0,269
246,one_percent,1,89
246,one_percent,2,12
246,one_percent,3,16
246,one_percent,4,101
246,one_percent,5,38
246,five_percent,0,282
246,five_percent,1,84
246,five_percent,2,10
246,five_percent,3,17
246,five_percent,4,103
246,five_percent,5,29
2558,original,0,233
2558,original,1,50
2558,original,2,62
2558,original,3,9
2558,original,4,97
2558,original,5,74
2558,typical_business,0,233
2558,typical_business,1,50
2558,typical_business,2,62
2558,typical_business,3,9
2558,typical_business,4,98
2558,typical_business,5,73
2558,one_percent,0,237
2558,one_percent,1,48
2558,one_percent,2,64
2558,one_percent,3,8
2558,one_percent,4,100
2558,one_percent,5,68
2558,five_percent,0,243
2558,five_percent,1,56
2558,five_percent,2,54
2558,five_percent,3,14
2558,five_percent,4,99
2558,five_percent,5,59
3503,original,0,170
3503,original,1,35
3503,original,2,144
3503,original,3,51
3503,original,4,72
3503,original,5,53
3503,typical_business,0,177
3503,typical_business,1,35
3503,typical_business,2,138
3503,typical_business,3,52
3503,typical_business,4,70
3503,typical_business,5,53
3503,one_percent,0,203
3503,one_percent,1,45
3503,one_percent,2,113
3503,one_percent,3,42
3503,one_percent,4,70
3503,one_percent,5,52
3503,five_percent,0,276
3503,five_percent,1,49
3503,five_percent,2,68
3503,five_percent,3,27
3503,five_percent,4,74
3503,five_percent,5,31
5682,original,0,260
5682,original,1,72
5682,original,2,42
5682,original,3,24
5682,original,4,63
5682,original,5,64
5682,typical_business,0,260
5682,typical_business,1,72
5682,typical_business,2,42
5682,typical_business,3,24
5682,typical_business,4,64
5682,typical_business,5,63
5682,one_percent,0,260
5682,one_percent,1,72
5682,one_percent,2,42
5682,one_percent,3,24
5682,one_percent,4,65
5682,one_percent,5,62
5682,five_percent,0,264
5682,five_percent,1,77
5682,five_percent,2,44
5682,five_percent,3,25
5682,five_percent,4,77
5682,five_percent,5,38
3824,original,0,265
3824,original,1,64
3824,original,2,50
3824,original,3,52
3824,original,4,18
3824,original,5,76
3824,typical_business,0,267
3824,typical_business,1,62
3824,typical_business,2,50
3824,typical_business,3,55
3824,typical_business,4,18
3824,typical_business,5,73
3824,one_percent,0,268
3824,one_percent,1,62
3824,one_percent,2,52
3824,one_percent,3,56
3824,one_percent,4,15
3824,one_percent,5,72
3824,five_percent,0,271
3824,five_percent,1,74
3824,five_percent,2,52
3824,five_percent,3,54
3824,five_percent,4,17
3824,five_percent,5,57
5883,original,0,258
5883,original,1,97
5883,original,2,40
5883,original,3,3
5883,original,4,74
5883,original,5,53
5883,typical_business,0,258
5883,typical_business,1,98
5883,typical_business,2,40
5883,typical_business,3,2
5883,typical_business,4,74
5883,typical_business,5,53
5883,one_percent,0,258
5883,one_percent,1,99
5883,one_percent,2,41
5883,one_percent,3,4
5883,one_percent,4,73
5883,one_percent,5,50
5883,five_percent,0,262
5883,five_percent,1,111
5883,five_percent,2,42
5883,five_percent,3,0
5883,five_percent,4,76
5883,five_percent,5,34
5196,original,0,290
5196,original,1,78
5196,original,2,24
5196,original,3,12
5196,original,4,65
5196,original,5,56
5196,typical_business,0,291
5196,typical_business,1,78
5196,typical_business,2,25
5196,typical_business,3,10
5196,typical_business,4,67
5196,typical_business,5,54
5196,one_percent,0,294
5196,one_percent,1,80
5196,one_percent,2,24
5196,one_percent,3,9
5196,one_percent,4,65
5196,one_percent,5,53
5196,five_percent,0,302
5196,five_percent,1,101
5196,five_percent,2,13
5196,five_percent,3,4
5196,five_percent,4,77
5196,five_percent,5,28
1530,original,0,245
1530,original,1,48
1530,original,2,48
1530,original,3,71
1530,original,4,68
1530,original,5,45
1530,typical_business,0,245
1530,typical_business,1,49
1530,typical_business,2,48
1530,typical_business,3,70
1530,typical_business,4,68
1530,typical_business,5,45
1530,one_percent,0,248
1530,one_percent,1,51
1530,one_percent,2,47
1530,one_percent,3,66
1530,one_percent,4,73
1530,one_percent,5,40
1530,five_percent,0,264
1530,five_percent,1,58
1530,five_percent,2,35
1530,five_percent,3,59
1530,five_percent,4,76
1530,five_percent,5,33
7307,original,0,199
7307,original,1,57
7307,original,2,97
7307,original,3,43
7307,original,4,89
7307,original,5,40
7307,typical_business,0,199
7307,typical_business,1,57
7307,typical_business,2,97
7307,typical_business,3,47
7307,typical_business,4,90
7307,typical_business,5,35
7307,one_percent,0,204
7307,one_percent,1,62
7307,one_percent,2,90
7307,one_percent,3,46
7307,one_percent,4,91
7307,one_percent,5,32
7307,five_percent,0,228
7307,five_percent,1,57
7307,five_percent,2,87
7307,five_percent,3,33
7307,five_percent,4,102
7307,five_percent,5,18
6784,original,0,248
6784,original,1,82
6784,original,2,0
6784,original,3,72
6784,original,4,54
6784,original,5,69
6784,typical_business,0,248
6784,typical_business,1,85
6784,typical_business,2,0
6784,typical_business,3,72
6784,typical_business,4,52
6784,typical_business,5,68
6784,one_percent,0,251
6784,one_percent,1,88
6784,one_percent,2,0
6784,one_percent,3,68
6784,one_percent,4,50
6784,one_percent,5,68
6784,five_percent,0,257
6784,five_percent,1,101
6784,five_percent,2,1
6784,five_percent,3,68
6784,five_percent,4,64
6784,five_percent,5,34
4841,original,0,245
4841,original,1,33
4841,original,2,95
4841,original,3,62
4841,original,4,32
4841,original,5,58
4841,typical_business,0,246
4841,typical_business,1,33
4841,typical_business,2,95
4841,typical_business,3,62
4841,typical_business,4,33
4841,typical_business,5,56
4841,one_percent,0,256
4841,one_percent,1,33
4841,one_percent,2,89
4841,one_percent,3,65
4841,one_percent,4,36
4841,one_percent,5,46
4841,five_percent,0,284
4841,five_percent,1,46
4841,five_percent,2,64
4841,five_percent,3,77
4841,five_percent,4,31
4841,five_percent,5,23
3,original,0,280
3,original,1,91
3,original,2,8
3,original,3,10
3,original,4,66
3,original,5,70
3,typical_business,0,280
3,typical_business,1,91
3,typical_business,2,8
3,typical_business,3,10
3,typical_business,4,69
3,typical_business,5,67
3,one_percent,0,284
3,one_percent,1,91
3,one_percent,2,4
3,one_percent,3,14
3,one_percent,4,76
3,one_percent,5,56
3,five_percent,0,289
3,five_percent,1,95
3,five_percent,2,7
3,five_percent,3,8
3,five_percent,4,97
3,five_percent,5,29
1282,original,0,176
1282,original,1,55
1282,original,2,140
1282,original,3,42
1282,original,4,43
1282,original,5,69
1282,typical_business,0,176
1282,typical_business,1,55
1282,typical_business,2,140
1282,typical_business,3,42
1282,typical_business,4,45
1282,typical_business,5,67
1282,one_percent,0,179
1282,one_percent,1,55
1282,one_percent,2,137
1282,one_percent,3,42
1282,one_percent,4,52
1282,one_percent,5,60
1282,five_percent,0,194
1282,five_percent,1,69
1282,five_percent,2,122
1282,five_percent,3,43
1282,five_percent,4,47
1282,five_percent,5,50
1299,original,0,300
1299,original,1,61
1299,original,2,28
1299,original,3,29
1299,original,4,91
1299,original,5,16
1299,typical_business,0,300
1299,typical_business,1,61
1299,typical_business,2,28
1299,typical_business,3,29
1299,typical_business,4,91
1299,typical_business,5,16
1299,one_percent,0,301
1299,one_percent,1,61
1299,one_percent,2,28
1299,one_percent,3,29
1299,one_percent,4,90
1299,one_percent,5,16
1299,five_percent,0,309
1299,five_percent,1,60
1299,five_percent,2,33
1299,five_percent,3,26
1299,five_percent,4,90
1299,five_percent,5,7
6603,original,0,266
6603,original,1,76
6603,original,2,36
6603,original,3,29
6603,original,4,46
6603,original,5,72
6603,typical_business,0,266
6603,typical_business,1,77
6603,typical_business,2,36
6603,typical_business,3,28
6603,typical_business,4,49
6603,typical_business,5,69
6603,one_percent,0,269
6603,one_percent,1,78
6603,one_percent,2,32
6603,one_percent,3,30
6603,one_percent,4,50
6603,one_percent,5,66
6603,five_percent,0,277
6603,five_percent,1,81
6603,five_percent,2,36
6603,five_percent,3,30
6603,five_percent,4,64
6603,five_percent,5,37
4467,original,0,141
4467,original,1,54
4467,original,2,110
4467,original,3,23
4467,original,4,65
4467,original,5,132
4467,typical_business,0,141
4467,typical_business,1,54
4467,typical_business,2,110
4467,typical_business,3,23
4467,typical_business,4,67
4467,typical_business,5,130
4467,one_percent,0,141
4467,one_percent,1,54
4467,one_percent,2,115
4467,one_percent,3,23
4467,one_percent,4,65
4467,one_percent,5,127
4467,five_percent,0,150
4467,five_percent,1,57
4467,five_percent,2,122
4467,five_percent,3,15
4467,five_percent,4,74
4467,five_percent,5,107
3691,original,0,148
3691,original,1,64
3691,original,2,172
3691,original,3,25
3691,original,4,51
3691,original,5,65
3691,typical_business,0,148
3691,typical_business,1,64
3691,typical_business,2,172
3691,typical_business,3,28
3691,typical_business,4,51
3691,typical_business,5,62
3691,one_percent,0,154
3691,one_percent,1,62
3691,one_percent,2,172
3691,one_percent,3,29
3691,one_percent,4,51
3691,one_percent,5,57
3691,five_percent,0,189
3691,five_percent,1,65
3691,five_percent,2,140
3691,five_percent,3,47
3691,five_percent,4,57
3691,five_percent,5,27
3315,original,0,245
3315,original,1,63
3315,original,2,31
3315,original,3,58
3315,original,4,59
3315,original,5,69
3315,typical_business,0,246
3315,typical_business,1,63
3315,typical_business,2,33
3315,typical_business,3,55
3315,typical_business,4,62
3315,typical_business,5,66
3315,one_percent,0,254
3315,one_percent,1,66
3315,one_percent,2,32
3315,one_percent,3,50
3315,one_percent,4,64
3315,one_percent,5,59
3315,five_percent,0,285
3315,five_percent,1,65
3315,five_percent,2,19
3315,five_percent,3,56
3315,five_percent,4,76
3315,five_percent,5,24
8682,original,0,281
8682,original,1,74
8682,original,2,17
8682,original,3,3
8682,original,4,81
8682,original,5,69
8682,typical_business,0,281
8682,typical_business,1,74
8682,typical_business,2,17
8682,typical_business,3,3
8682,typical_business,4,90
8682,typical_business,5,60
8682,one_percent,0,283
8682,one_percent,1,74
8682,one_percent,2,17
8682,one_percent,3,2
8682,one_percent,4,93
8682,one_percent,5,56
8682,five_percent,0,299
8682,five_percent,1,76
8682,five_percent,2,10
8682,five_percent,3,6
8682,five_percent,4,104
8682,five_percent,5,30
6763,original,0,236
6763,original,1,82
6763,original,2,51
6763,original,3,26
6763,original,4,54
6763,original,5,76
6763,typical_business,0,236
6763,typical_business,1,84
6763,typical_business,2,51
6763,typical_business,3,26
6763,typical_business,4,52
6763,typical_business,5,76
6763,one_percent,0,241
6763,one_percent,1,84
6763,one_percent,2,46
6763,one_percent,3,34
6763,one_percent,4,50
6763,one_percent,5,70
6763,five_percent,0,265
6763,five_percent,1,95
6763,five_percent,2,28
6763,five_percent,3,30
6763,five_percent,4,59
6763,five_percent,5,48
4014,original,0,261
4014,original,1,43
4014,original,2,36
4014,original,3,70
4014,original,4,79
4014,original,5,36
4014,typical_business,0,261
4014,typical_business,1,43
4014,typical_business,2,37
4014,typical_business,3,69
4014,typical_business,4,80
4014,typical_business,5,35
4014,one_percent,0,263
4014,one_percent,1,43
4014,one_percent,2,35
4014,one_percent,3,69
4014,one_percent,4,80
4014,one_percent,5,35
4014,five_percent,0,273
4014,five_percent,1,59
4014,five_percent,2,27
4014,five_percent,3,66
4014,five_percent,4,73
4014,five_percent,5,27
7068,original,0,230
7068,original,1,55
7068,original,2,59
7068,original,3,64
7068,original,4,70
7068,original,5,47
7068,typical_business,0,231
7068,typical_business,1,54
7068,typical_business,2,59
7068,typical_business,3,64
7068,typical_business,4,70
7068,typical_business,5,47
7068,one_percent,0,246
7068,one_percent,1,51
7068,one_percent,2,53
7068,one_percent,3,59
7068,one_percent,4,71
7068,one_percent,5,45
7068,five_percent,0,286
7068,five_percent,1,57
7068,five_percent,2,36
7068,five_percent,3,36
7068,five_percent,4,79
7068,five_percent,5,31
3153,original,0,192
3153,original,1,55
3153,original,2,130
3153,original,3,30
3153,original,4,38
3153,original,5,80
3153,typical_business,0,193
3153,typical_business,1,55
3153,typical_business,2,129
3153,typical_business,3,30
3153,typical_business,4,38
3153,typical_business,5,80
3153,one_percent,0,195
3153,one_percent,1,58
3153,one_percent,2,128
3153,one_percent,3,26
3153,one_percent,4,39
3153,one_percent,5,79
3153,five_percent,0,205
3153,five_percent,1,65
3153,five_percent,2,122
3153,five_percent,3,34
3153,five_percent,4,37
3153,five_percent,5,62
9047,original,0,220
9047,original,1,92
9047,original,2,1
9047,original,3,99
9047,original,4,36
9047,original,5,77
9047,typical_business,0,220
9047,typical_business,1,92
9047,typical_business,2,3
9047,typical_business,3,99
9047,typical_business,4,34
9047,typical_business,5,77
9047,one_percent,0,222
9047,one_percent,1,93
9047,one_percent,2,2
9047,one_percent,3,102
9047,one_percent,4,40
9047,one_percent,5,66
9047,five_percent,0,242
9047,five_percent,1,95
9047,five_percent,2,6
9047,five_percent,3,90
9047,five_percent,4,52
9047,five_percent,5,40
9997,original,0,194
9997,original,1,53
9997,original,2,98
9997,original,3,54
9997,original,4,93
9997,original,5,33
9997,typical_business,0,195
9997,typical_business,1,53
9997,typical_business,2,97
9997,typical_business,3,55
9997,typical_business,4,93
9997,typical_business,5,32
9997,one_percent,0,195
9997,one_percent,1,55
9997,one_percent,2,97
9997,one_percent,3,53
9997,one_percent,4,93
9997,one_percent,5,32
9997,five_percent,0,217
9997,five_percent,1,64
9997,five_percent,2,83
9997,five_percent,3,45
9997,five_percent,4,91
9997,five_percent,5,25
4212,original,0,175
4212,original,1,59
4212,original,2,144
4212,original,3,39
4212,original,4,65
4212,original,5,43
4212,typical_business,0,175
4212,typical_business,1,59
4212,typical_business,2,144
4212,typical_business,3,39
4212,typical_business,4,65
4212,typical_business,5,43
4212,one_percent,0,175
4212,one_percent,1,63
4212,one_percent,2,146
4212,one_percent,3,33
4212,one_percent,4,71
4212,one_percent,5,37
4212,five_percent,0,194
4212,five_percent,1,64
4212,five_percent,2,133
4212,five_percent,3,32
4212,five_percent,4,77
4212,five_percent,5,25
625,original,0,266
625,original,1,70
625,original,2,46
625,original,3,22
625,original,4,47
625,original,5,74
625,typical_business,0,268
625,typical_business,1,70
625,typical_business,2,44
625,typical_business,3,22
625,typical_business,4,47
625,typical_business,5,74
625,one_percent,0,273
625,one_percent,1,71
625,one_percent,2,38
625,one_percent,3,25
625,one_percent,4,50
625,one_percent,5,68
625,five_percent,0,285
625,five_percent,1,83
625,five_percent,2,42
625,five_percent,3,14
625,five_percent,4,65
625,five_percent,5,36
3039,original,0,274
3039,original,1,52
3039,original,2,32
3039,original,3,41
3039,original,4,86
3039,original,5,40
3039,typical_business,0,274
3039,typical_business,1,54
3039,typical_business,2,32
3039,typical_business,3,39
3039,typical_business,4,86
3039,typical_business,5,40
3039,one_percent,0,275
3039,one_percent,1,59
3039,one_percent,2,33
3039,one_percent,3,42
3039,one_percent,4,83
3039,one_percent,5,33
3039,five_percent,0,282
3039,five_percent,1,60
3039,five_percent,2,28
3039,five_percent,3,45
3039,five_percent,4,92
3039,five_percent,5,18
8165,original,0,243
8165,original,1,67
8165,original,2,57
8165,original,3,41
8165,original,4,70
8165,original,5,47
8165,typical_business,0,243
8165,typical_business,1,67
8165,typical_business,2,57
8165,typical_business,3,44
8165,typical_business,4,73
8165,typical_business,5,41
8165,one_percent,0,246
8165,one_percent,1,71
8165,one_percent,2,52
8165,one_percent,3,45
8165,one_percent,4,79
8165,one_percent,5,32
8165,five_percent,0,263
8165,five_percent,1,80
8165,five_percent,2,38
8165,five_percent,3,47
8165,five_percent,4,81
8165,five_percent,5,16
8953,original,0,170
8953,original,1,71
8953,original,2,131
8953,original,3,42
8953,original,4,48
8953,original,5,63
8953,typical_business,0,172
8953,typical_business,1,72
8953,typical_business,2,129
8953,typical_business,3,42
8953,typical_business,4,47
8953,typical_business,5,63
8953,one_percent,0,172
8953,one_percent,1,74
8953,one_percent,2,129
8953,one_percent,3,43
8953,one_percent,4,48
8953,one_percent,5,59
8953,five_percent,0,183
8953,five_percent,1,79
8953,five_percent,2,128
8953,five_percent,3,36
8953,five_percent,4,56
8953,five_percent,5,43
9300,original,0,271
9300,original,1,65
9300,original,2,57
9300,original,3,27
9300,original,4,72
9300,original,5,33
9300,typical_business,0,271
9300,typical_business,1,68
9300,typical_business,2,58
9300,typical_business,3,25
9300,typical_business,4,73
9300,typical_business,5,30
9300,one_percent,0,272
9300,one_percent,1,69
9300,one_percent,2,58
9300,one_percent,3,24
9300,one_percent,4,73
9300,one_percent,5,29
9300,five_percent,0,281
9300,five_percent,1,71
9300,five_percent,2,56
9300,five_percent,3,21
9300,five_percent,4,80
9300,five_percent,5,16
2576,original,0,183
2576,original,1,74
2576,original,2,126
2576,original,3,22
2576,original,4,50
2576,original,5,70
2576,typical_business,0,183
2576,typical_business,1,76
2576,typical_business,2,126
2576,typical_business,3,20
2576,typical_business,4,50
2576,typical_business,5,70
2576,one_percent,0,192
2576,one_percent,1,75
2576,one_percent,2,118
2576,one_percent,3,24
2576,one_percent,4,52
2576,one_percent,5,64
2576,five_percent,0,236
2576,five_percent,1,74
2576,five_percent,2,88
2576,five_percent,3,26
2576,five_percent,4,65
2576,five_percent,5,36
5206,original,0,298
5206,original,1,62
5206,original,2,5
5206,original,3,30
5206,original,4,89
5206,original,5,41
5206,typical_business,0,299
5206,typical_business,1,62
5206,typical_business,2,4
5206,typical_business,3,32
5206,typical_business,4,90
5206,typical_business,5,38
5206,one_percent,0,304
5206,one_percent,1,61
5206,one_percent,2,1
5206,one_percent,3,33
5206,one_percent,4,92
5206,one_percent,5,34
5206,five_percent,0,311
5206,five_percent,1,67
5206,five_percent,2,9
5206,five_percent,3,30
5206,five_percent,4,93
5206,five_percent,5,15
8108,original,0,269
8108,original,1,68
8108,original,2,42
8108,original,3,30
8108,original,4,75
8108,original,5,41
8108,typical_business,0,269
8108,typical_business,1,71
8108,typical_business,2,42
8108,typical_business,3,28
8108,typical_business,4,74
8108,typical_business,5,41
8108,one_percent,0,270
8108,one_percent,1,72
8108,one_percent,2,41
8108,one_percent,3,28
8108,one_percent,4,74
8108,one_percent,5,40
8108,five_percent,0,284
8108,five_percent,1,97
8108,five_percent,2,31
8108,five_percent,3,24
8108,five_percent,4,66
8108,five_percent,5,23
986,original,0,189
986,original,1,64
986,original,2,118
986,original,3,38
986,original,4,61
986,original,5,55
986,typical_business,0,201
986,typical_business,1,65
986,typical_business,2,108
986,typical_business,3,35
986,typical_business,4,64
986,typical_business,5,52
986,one_percent,0,209
986,one_percent,1,66
986,one_percent,2,102
986,one_percent,3,35
986,one_percent,4,69
986,one_percent,5,44
986,five_percent,0,245
986,five_percent,1,79
986,five_percent,2,74
986,five_percent,3,21
986,five_percent,4,80
986,five_percent,5,26
2351,original,0,198
2351,original,1,52
2351,original,2,115
2351,original,3,22
2351,original,4,64
2351,original,5,74
2351,typical_business,0,202
2351,typical_business,1,52
2351,typical_business,2,111
2351,typical_business,3,22
2351,typical_business,4,65
2351,typical_business,5,73
2351,one_percent,0,223
2351,one_percent,1,56
2351,one_percent,2,91
2351,one_percent,3,25
2351,one_percent,4,75
2351,one_percent,5,55
2351,five_percent,0,271
2351,five_percent,1,62
2351,five_percent,2,47
2351,five_percent,3,32
2351,five_percent,4,94
2351,five_percent,5,19
5138,original,0,229
5138,original,1,49
5138,original,2,90
5138,original,3,56
5138,original,4,70
5138,original,5,31
5138,typical_business,0,229
5138,typical_business,1,49
5138,typical_business,2,92
5138,typical_business,3,56
5138,typical_business,4,70
5138,typical_business,5,29
5138,one_percent,0,234
5138,one_percent,1,48
5138,one_percent,2,89
5138,one_percent,3,55
5138,one_percent,4,71
5138,one_percent,5,28
5138,five_percent,0,250
5138,five_percent,1,52
5138,five_percent,2,78
5138,five_percent,3,56
5138,five_percent,4,73
5138,five_percent,5,16
9813,original,0,237
9813,original,1,83
9813,original,2,15
9813,original,3,53
9813,original,4,79
9813,original,5,58
9813,typical_business,0,237
9813,typical_business,1,83
9813,typical_business,2,15
9813,typical_business,3,53
9813,typical_business,4,79
9813,typical_business,5,58
9813,one_percent,0,239
9813,one_percent,1,81
9813,one_percent,2,16
9813,one_percent,3,53
9813,one_percent,4,79
9813,one_percent,5,57
9813,five_percent,0,246
9813,five_percent,1,83
9813,five_percent,2,23
9813,five_percent,3,45
9813,five_percent,4,83
9813,five_percent,5,45
9902,original,0,245
9902,original,1,62
9902,original,2,72
9902,original,3,35
9902,original,4,70
9902,original,5,41
9902,typical_business,0,245
9902,typical_business,1,63
9902,typical_business,2,71
9902,typical_business,3,35
9902,typical_business,4,70
9902,typical_business,5,41
9902,one_percent,0,247
9902,one_percent,1,63
9902,one_percent,2,70
9902,one_percent,3,36
9902,one_percent,4,70
9902,one_percent,5,39
9902,five_percent,0,255
9902,five_percent,1,71
9902,five_percent,2,68
9902,five_percent,3,32
9902,five_percent,4,74
9902,five_percent,5,25
2530,original,0,250
2530,original,1,69
2530,original,2,0
2530,original,3,53
2530,original,4,83
2530,original,5,70
2530,typical_business,0,255
2530,typical_business,1,67
2530,typical_business,2,0
2530,typical_business,3,52
2530,typical_business,4,83
2530,typical_business,5,68
2530,one_percent,0,268
2530,one_percent,1,61
2530,one_percent,2,0
2530,one_percent,3,53
2530,one_percent,4,83
2530,one_percent,5,60
2530,five_percent,0,289
2530,five_percent,1,74
2530,five_percent,2,0
2530,five_percent,3,44
2530,five_percent,4,95
2530,five_percent,5,23
6950,original,0,257
6950,original,1,69
6950,original,2,51
6950,original,3,41
6950,original,4,45
6950,original,5,62
6950,typical_business,0,257
6950,typical_business,1,70
6950,typical_business,2,50
6950,typical_business,3,43
6950,typical_business,4,45
6950,typical_business,5,60
6950,one_percent,0,259
6950,one_percent,1,70
6950,one_percent,2,50
6950,one_percent,3,43
6950,one_percent,4,45
6950,one_percent,5,58
6950,five_percent,0,265
6950,five_percent,1,76
6950,five_percent,2,45
6950,five_percent,3,39
6950,five_percent,4,66
6950,five_percent,5,34
3044,original,0,255
3044,original,1,66
3044,original,2,46
3044,original,3,34
3044,original,4,64
3044,original,5,60
3044,typical_business,0,255
3044,typical_business,1,70
3044,typical_business,2,46
3044,typical_business,3,34
3044,typical_business,4,62
3044,typical_business,5,58
3044,one_percent,0,260
3044,one_percent,1,70
3044,one_percent,2,46
3044,one_percent,3,31
3044,one_percent,4,64
3044,one_percent,5,54
3044,five_percent,0,289
3044,five_percent,1,75
3044,five_percent,2,44
3044,five_percent,3,18
3044,five_percent,4,79
3044,five_percent,5,20
1731,original,0,156
1731,original,1,77
1731,original,2,91
1731,original,3,81
1731,original,4,74
1731,original,5,46
1731,typical_business,0,156
1731,typical_business,1,79
1731,typical_business,2,89
1731,typical_business,3,83
1731,typical_business,4,74
1731,typical_business,5,44
1731,one_percent,0,158
1731,one_percent,1,81
1731,one_percent,2,94
1731,one_percent,3,74
1731,one_percent,4,74
1731,one_percent,5,44
1731,five_percent,0,168
1731,five_percent,1,97
1731,five_percent,2,94
1731,five_percent,3,60
1731,five_percent,4,75
1731,five_percent,5,31
1774,original,0,316
1774,original,1,52
1774,original,2,1
1774,original,3,49
1774,original,4,86
1774,original,5,21
1774,typical_business,0,316
1774,typical_business,1,54
1774,typical_business,2,1
1774,typical_business,3,47
1774,typical_business,4,86
1774,typical_business,5,21
1774,one_percent,0,317
1774,one_percent,1,53
1774,one_percent,2,4
1774,one_percent,3,49
1774,one_percent,4,85
1774,one_percent,5,17
1774,five_percent,0,322
1774,five_percent,1,63
1774,five_percent,2,3
1774,five_percent,3,50
1774,five_percent,4,79
1774,five_percent,5,8
2607,original,0,268
2607,original,1,64
2607,original,2,47
2607,original,3,23
2607,original,4,71
2607,original,5,52
2607,typical_business,0,268
2607,typical_business,1,64
2607,typical_business,2,48
2607,typical_business,3,25
2607,typical_business,4,68
2607,typical_business,5,52
2607,one_percent,0,271
2607,one_percent,1,68
2607,one_percent,2,41
2607,one_percent,3,27
2607,one_percent,4,71
2607,one_percent,5,47
2607,five_percent,0,292
2607,five_percent,1,91
2607,five_percent,2,22
2607,five_percent,3,13
2607,five_percent,4,74
2607,five_percent,5,33
3062,original,0,194
3062,original,1,90
3062,original,2,68
3062,original,3,46
3062,original,4,90
3062,original,5,37
3062,typical_business,0,194
3062,typical_business,1,92
3062,typical_business,2,66
3062,typical_business,3,46
3062,typical_business,4,91
3062,typical_business,5,36
3062,one_percent,0,200
3062,one_percent,1,88
3062,one_percent,2,65
3062,one_percent,3,45
3062,one_percent,4,93
3062,one_percent,5,34
3062,five_percent,0,228
3062,five_percent,1,71
3062,five_percent,2,58
3062,five_percent,3,42
3062,five_percent,4,105
3062,five_percent,5,21
8879,original,0,239
8879,original,1,104
8879,original,2,19
8879,original,3,32
8879,original,4,58
8879,original,5,73
8879,typical_business,0,239
8879,typical_business,1,105
8879,typical_business,2,18
8879,typical_business,3,32
8879,typical_business,4,59
8879,typical_business,5,72
8879,one_percent,0,244
8879,one_percent,1,111
8879,one_percent,2,22
8879,one_percent,3,24
8879,one_percent,4,59
8879,one_percent,5,65
8879,five_percent,0,291
8879,five_percent,1,94
8879,five_percent,2,37
8879,five_percent,3,8
8879,five_percent,4,68
8879,five_percent,5,27
9103,original,0,232
9103,original,1,77
9103,original,2,51
9103,original,3,45
9103,original,4,82
9103,original,5,38
9103,typical_business,0,234
9103,typical_business,1,79
9103,typical_business,2,49
9103,typical_business,3,48
9103,typical_business,4,85
9103,typical_business,5,30
9103,one_percent,0,239
9103,one_percent,1,79
9103,one_percent,2,49
9103,one_percent,3,47
9103,one_percent,4,85
9103,one_percent,5,26
9103,five_percent,0,269
9103,five_percent,1,86
9103,five_percent,2,38
9103,five_percent,3,41
9103,five_percent,4,84
9103,five_percent,5,7
2594,original,0,257
2594,original,1,92
2594,original,2,24
2594,original,3,26
2594,original,4,50
2594,original,5,76
2594,typical_business,0,258
2594,typical_business,1,92
2594,typical_business,2,24
2594,typical_business,3,25
2594,typical_business,4,50
2594,typical_business,5,76
2594,one_percent,0,258
2594,one_percent,1,93
2594,one_percent,2,23
2594,one_percent,3,28
2594,one_percent,4,64
2594,one_percent,5,59
2594,five_percent,0,267
2594,five_percent,1,94
2594,five_percent,2,22
2594,five_percent,3,30
2594,five_percent,4,68
2594,five_percent,5,44
10,original,0,270
10,original,1,89
10,original,2,7
10,original,3,49
10,original,4,65
10,original,5,45
10,typical_business,0,270
10,typical_business,1,90
10,typical_business,2,7
10,typical_business,3,49
10,typical_business,4,65
10,typical_business,5,44
10,one_percent,0,271
10,one_percent,1,91
10,one_percent,2,7
10,one_percent,3,50
10,one_percent,4,64
10,one_percent,5,42
10,five_percent,0,274
10,five_percent,1,107
10,five_percent,2,9
10,five_percent,3,46
10,five_percent,4,66
10,five_percent,5,23
3356,original,0,211
3356,original,1,53
3356,original,2,72
3356,original,3,55
3356,original,4,88
3356,original,5,46
3356,typical_business,0,211
3356,typical_business,1,56
3356,typical_business,2,72
3356,typical_business,3,52
3356,typical_business,4,90
3356,typical_business,5,44
3356,one_percent,0,212
3356,one_percent,1,60
3356,one_percent,2,68
3356,one_percent,3,51
3356,one_percent,4,95
3356,one_percent,5,39
3356,five_percent,0,246
3356,five_percent,1,68
3356,five_percent,2,42
3356,five_percent,3,41
3356,five_percent,4,101
3356,five_percent,5,27
5124,original,0,258
5124,original,1,69
5124,original,2,0
5124,original,3,68
5124,original,4,76
5124,original,5,54
5124,typical_business,0,258
5124,typical_business,1,69
5124,typical_business,2,0
5124,typical_business,3,68
5124,typical_business,4,77
5124,typical_business,5,53
5124,one_percent,0,262
5124,one_percent,1,69
5124,one_percent,2,0
5124,one_percent,3,64
5124,one_percent,4,83
5124,one_percent,5,47
5124,five_percent,0,300
5124,five_percent,1,93
5124,five_percent,2,0
5124,five_percent,3,25
5124,five_percent,4,79
5124,five_percent,5,28
2130,original,0,274
2130,original,1,42
2130,original,2,17
2130,original,3,46
2130,original,4,94
2130,original,5,52
2130,typical_business,0,275
2130,typical_business,1,41
2130,typical_business,2,17
2130,typical_business,3,46
2130,typical_business,4,94
2130,typical_business,5,52
2130,one_percent,0,275
2130,one_percent,1,41
2130,one_percent,2,18
2130,one_percent,3,46
2130,one_percent,4,95
2130,one_percent,5,50
2130,five_percent,0,283
2130,five_percent,1,43
2130,five_percent,2,18
2130,five_percent,3,50
2130,five_percent,4,97
2130,five_percent,5,34
4199,original,0,228
4199,original,1,76
4199,original,2,69
4199,original,3,38
4199,original,4,68
4199,original,5,46
4199,typical_business,0,229
4199,typical_business,1,76
4199,typical_business,2,71
4199,typical_business,3,35
4199,typical_business,4,71
4199,typical_business,5,43
4199,one_percent,0,236
4199,one_percent,1,77
4199,one_percent,2,67
4199,one_percent,3,37
4199,one_percent,4,73
4199,one_percent,5,35
4199,five_percent,0,259
4199,five_percent,1,86
4199,five_percent,2,56
4199,five_percent,3,27
4199,five_percent,4,78
4199,five_percent,5,19
2359,original,0,238
2359,original,1,56
2359,original,2,79
2359,original,3,41
2359,original,4,86
2359,original,5,25
2359,typical_business,0,238
2359,typical_business,1,56
2359,typical_business,2,80
2359,typical_business,3,40
2359,typical_business,4,89
2359,typical_business,5,22
2359,one_percent,0,238
2359,one_percent,1,56
2359,one_percent,2,81
2359,one_percent,3,39
2359,one_percent,4,93
2359,one_percent,5,18
2359,five_percent,0,251
2359,five_percent,1,66
2359,five_percent,2,69
2359,five_percent,3,42
2359,five_percent,4,86
2359,five_percent,5,11
2711,original,0,270
2711,original,1,57
2711,original,2,44
2711,original,3,24
2711,original,4,71
2711,original,5,59
2711,typical_business,0,270
2711,typical_business,1,57
2711,typical_business,2,44
2711,typical_business,3,24
2711,typical_business,4,71
2711,typical_business,5,59
2711,one_percent,0,271
2711,one_percent,1,59
2711,one_percent,2,42
2711,one_percent,3,28
2711,one_percent,4,74
2711,one_percent,5,51
2711,five_percent,0,276
2711,five_percent,1,75
2711,five_percent,2,42
2711,five_percent,3,28
2711,five_percent,4,71
2711,five_percent,5,33
2482,original,0,264
2482,original,1,56
2482,original,2,42
2482,original,3,31
2482,original,4,73
2482,original,5,59
2482,typical_business,0,264
2482,typical_business,1,56
2482,typical_business,2,42
2482,typical_business,3,31
2482,typical_business,4,74
2482,typical_business,5,58
2482,one_percent,0,265
2482,one_percent,1,55
2482,one_percent,2,42
2482,one_percent,3,31
2482,one_percent,4,75
2482,one_percent,5,57
2482,five_percent,0,274
2482,five_percent,1,71
2482,five_percent,2,28
2482,five_percent,3,40
2482,five_percent,4,80
2482,five_percent,5,32
6905,original,0,252
6905,original,1,75
6905,original,2,20
6905,original,3,52
6905,original,4,71
6905,original,5,55
6905,typical_business,0,254
6905,typical_business,1,75
6905,typical_business,2,20
6905,typical_business,3,50
6905,typical_business,4,75
6905,typical_business,5,51
6905,one_percent,0,259
6905,one_percent,1,80
6905,one_percent,2,16
6905,one_percent,3,50
6905,one_percent,4,78
6905,one_percent,5,42
6905,five_percent,0,276
6905,five_percent,1,89
6905,five_percent,2,21
6905,five_percent,3,39
6905,five_percent,4,88
6905,five_percent,5,12
574,original,0,260
574,original,1,72
574,original,2,2
574,original,3,69
574,original,4,61
574,original,5,61
574,typical_business,0,261
574,typical_business,1,71
574,typical_business,2,2
574,typical_business,3,72
574,typical_business,4,60
574,typical_business,5,59
574,one_percent,0,264
574,one_percent,1,69
574,one_percent,2,5
574,one_percent,3,69
574,one_percent,4,59
574,one_percent,5,59
574,five_percent,0,268
574,five_percent,1,73
574,five_percent,2,4
574,five_percent,3,68
574,five_percent,4,69
574,five_percent,5,43
1207,original,0,168
1207,original,1,61
1207,original,2,88
1207,original,3,55
1207,original,4,70
1207,original,5,83
1207,typical_business,0,169
1207,typical_business,1,61
1207,typical_business,2,88
1207,typical_business,3,55
1207,typical_business,4,70
1207,typical_business,5,82
1207,one_percent,0,181
1207,one_percent,1,59
1207,one_percent,2,91
1207,one_percent,3,57
1207,one_percent,4,59
1207,one_percent,5,78
1207,five_percent,0,229
1207,five_percent,1,63
1207,five_percent,2,60
1207,five_percent,3,64
1207,five_percent,4,49
1207,five_percent,5,60
3689,original,0,261
3689,original,1,93
3689,original,2,0
3689,original,3,57
3689,original,4,35
3689,original,5,79
3689,typical_business,0,262
3689,typical_business,1,93
3689,typical_business,2,0
3689,typical_business,3,56
3689,typical_business,4,40
3689,typical_business,5,74
3689,one_percent,0,264
3689,one_percent,1,97
3689,one_percent,2,0
3689,one_percent,3,56
3689,one_percent,4,40
3689,one_percent,5,68
3689,five_percent,0,285
3689,five_percent,1,99
3689,five_percent,2,8
3689,five_percent,3,38
3689,five_percent,4,54
3689,five_percent,5,41
6340,original,0,215
6340,original,1,77
6340,original,2,6
6340,original,3,76
6340,original,4,63
6340,original,5,88
6340,typical_business,0,218
6340,typical_business,1,75
6340,typical_business,2,6
6340,typical_business,3,77
6340,typical_business,4,63
6340,typical_business,5,86
6340,one_percent,0,221
6340,one_percent,1,77
6340,one_percent,2,6
6340,one_percent,3,78
6340,one_percent,4,63
6340,one_percent,5,80
6340,five_percent,0,234
6340,five_percent,1,80
6340,five_percent,2,3
6340,five_percent,3,76
6340,five_percent,4,70
6340,five_percent,5,62
2023,original,0,238
2023,original,1,27
2023,original,2,80
2023,original,3,52
2023,original,4,94
2023,original,5,34
2023,typical_business,0,240
2023,typical_business,1,29
2023,typical_business,2,76
2023,typical_business,3,52
2023,typical_business,4,95
2023,typical_business,5,33
2023,one_percent,0,245
2023,one_percent,1,28
2023,one_percent,2,73
2023,one_percent,3,53
2023,one_percent,4,95
2023,one_percent,5,31
2023,five_percent,0,260
2023,five_percent,1,39
2023,five_percent,2,69
2023,five_percent,3,41
2023,five_percent,4,93
2023,five_percent,5,23
4565,original,0,234
4565,original,1,64
4565,original,2,71
4565,original,3,40
4565,original,4,71
4565,original,5,45
4565,typical_business,0,234
4565,typical_business,1,64
4565,typical_business,2,71
4565,typical_business,3,40
4565,typical_business,4,71
4565,typical_business,5,45
4565,one_percent,0,237
4565,one_percent,1,64
4565,one_percent,2,68
4565,one_percent,3,43
4565,one_percent,4,74
4565,one_percent,5,39
4565,five_percent,0,252
4565,five_percent,1,64
4565,five_percent,2,60
4565,five_percent,3,43
4565,five_percent,4,77
4565,five_percent,5,29
4468,original,0,206
4468,original,1,43
4468,original,2,132
4468,original,3,31
4468,original,4,92
4468,original,5,21
4468,typical_business,0,209
4468,typical_business,1,43
4468,typical_business,2,129
4468,typical_business,3,31
4468,typical_business,4,92
4468,typical_business,5,21
4468,one_percent,0,219
4468,one_percent,1,41
4468,one_percent,2,121
4468,one_percent,3,31
4468,one_percent,4,94
4468,one_percent,5,19
4468,five_percent,0,233
4468,five_percent,1,42
4468,five_percent,2,109
4468,five_percent,3,35
4468,five_percent,4,95
4468,five_percent,5,11
7794,original,0,247
7794,original,1,78
7794,original,2,50
7794,original,3,35
7794,original,4,84
7794,original,5,31
7794,typical_business,0,247
7794,typical_business,1,78
7794,typical_business,2,50
7794,typical_business,3,35
7794,typical_business,4,84
7794,typical_business,5,31
7794,one_percent,0,247
7794,one_percent,1,79
7794,one_percent,2,50
7794,one_percent,3,35
7794,one_percent,4,86
7794,one_percent,5,28
7794,five_percent,0,253
7794,five_percent,1,85
7794,five_percent,2,49
7794,five_percent,3,33
7794,five_percent,4,93
7794,five_percent,5,12
7169,original,0,241
7169,original,1,57
7169,original,2,68
7169,original,3,12
7169,original,4,59
7169,original,5,88
7169,typical_business,0,241
7169,typical_business,1,58
7169,typical_business,2,68
7169,typical_business,3,11
7169,typical_business,4,59
7169,typical_business,5,88
7169,one_percent,0,246
7169,one_percent,1,60
7169,one_percent,2,64
7169,one_percent,3,12
7169,one_percent,4,62
7169,one_percent,5,81
7169,five_percent,0,256
7169,five_percent,1,71
7169,five_percent,2,57
7169,five_percent,3,9
7169,five_percent,4,64
7169,five_percent,5,68
1166,original,0,236
1166,original,1,58
1166,original,2,23
1166,original,3,6
1166,original,4,68
1166,original,5,134
1166,typical_business,0,243
1166,typical_business,1,61
1166,typical_business,2,22
1166,typical_business,3,6
1166,typical_business,4,68
1166,typical_business,5,125
1166,one_percent,0,244
1166,one_percent,1,61
1166,one_percent,2,22
1166,one_percent,3,6
1166,one_percent,4,69
1166,one_percent,5,123
1166,five_percent,0,250
1166,five_percent,1,68
1166,five_percent,2,27
1166,five_percent,3,9
1166,five_percent,4,78
1166,five_percent,5,93
4867,original,0,230
4867,original,1,85
4867,original,2,60
4867,original,3,33
4867,original,4,56
4867,original,5,61
4867,typical_business,0,232
4867,typical_business,1,85
4867,typical_business,2,58
4867,typical_business,3,33
4867,typical_business,4,57
4867,typical_business,5,60
4867,one_percent,0,238
4867,one_percent,1,88
4867,one_percent,2,52
4867,one_percent,3,32
4867,one_percent,4,61
4867,one_percent,5,54
4867,five_percent,0,278
4867,five_percent,1,85
4867,five_percent,2,34
4867,five_percent,3,21
4867,five_percent,4,85
4867,five_percent,5,22
8588,original,0,234
8588,original,1,51
8588,original,2,44
8588,original,3,25
8588,original,4,87
8588,original,5,84
8588,typical_business,0,235
8588,typical_business,1,54
8588,typical_business,2,43
8588,typical_business,3,22
8588,typical_business,4,87
8588,typical_business,5,84
8588,one_percent,0,238
8588,one_percent,1,56
8588,one_percent,2,40
8588,one_percent,3,22
8588,one_percent,4,86
8588,one_percent,5,83
8588,five_percent,0,254
8588,five_percent,1,49
8588,five_percent,2,43
8588,five_percent,3,30
8588,five_percent,4,91
8588,five_percent,5,58
4085,original,0,197
4085,original,1,68
4085,original,2,103
4085,original,3,18
4085,original,4,71
4085,original,5,68
4085,typical_business,0,198
4085,typical_business,1,68
4085,typical_business,2,102
4085,typical_business,3,20
4085,typical_business,4,71
4085,typical_business,5,66
4085,one_percent,0,216
4085,one_percent,1,73
4085,one_percent,2,84
4085,one_percent,3,17
4085,one_percent,4,69
4085,one_percent,5,66
4085,five_percent,0,262
4085,five_percent,1,67
4085,five_percent,2,54
4085,five_percent,3,13
4085,five_percent,4,80
4085,five_percent,5,49
6857,original,0,238
6857,original,1,67
6857,original,2,39
6857,original,3,77
6857,original,4,70
6857,original,5,34
6857,typical_business,0,241
6857,typical_business,1,68
6857,typical_business,2,36
6857,typical_business,3,76
6857,typical_business,4,70
6857,typical_business,5,34
6857,one_percent,0,247
6857,one_percent,1,68
6857,one_percent,2,37
6857,one_percent,3,70
6857,one_percent,4,71
6857,one_percent,5,32
6857,five_percent,0,269
6857,five_percent,1,78
6857,five_percent,2,32
6857,five_percent,3,50
6857,five_percent,4,76
6857,five_percent,5,20
7021,original,0,278
7021,original,1,75
7021,original,2,28
7021,original,3,40
7021,original,4,88
7021,original,5,16
7021,typical_business,0,279
7021,typical_business,1,74
7021,typical_business,2,28
7021,typical_business,3,40
7021,typical_business,4,88
7021,typical_business,5,16
7021,one_percent,0,279
7021,one_percent,1,77
7021,one_percent,2,29
7021,one_percent,3,39
7021,one_percent,4,85
7021,one_percent,5,16
7021,five_percent,0,292
7021,five_percent,1,94
7021,five_percent,2,23
7021,five_percent,3,29
7021,five_percent,4,82
7021,five_percent,5,5
3040,original,0,234
3040,original,1,74
3040,original,2,21
3040,original,3,82
3040,original,4,63
3040,original,5,51
3040,typical_business,0,236
3040,typical_business,1,78
3040,typical_business,2,16
3040,typical_business,3,81
3040,typical_business,4,63
3040,typical_business,5,51
3040,one_percent,0,243
3040,one_percent,1,81
3040,one_percent,2,19
3040,one_percent,3,69
3040,one_percent,4,70
3040,one_percent,5,43
3040,five_percent,0,276
3040,five_percent,1,88
3040,five_percent,2,16
3040,five_percent,3,46
3040,five_percent,4,76
3040,five_percent,5,23
1915,original,0,238
1915,original,1,62
1915,original,2,67
1915,original,3,35
1915,original,4,74
1915,original,5,49
1915,typical_business,0,242
1915,typical_business,1,62
1915,typical_business,2,64
1915,typical_business,3,34
1915,typical_business,4,79
1915,typical_business,5,44
1915,one_percent,0,250
1915,one_percent,1,65
1915,one_percent,2,59
1915,one_percent,3,29
1915,one_percent,4,79
1915,one_percent,5,43
1915,five_percent,0,284
1915,five_percent,1,65
1915,five_percent,2,40
1915,five_percent,3,23
1915,five_percent,4,91
1915,five_percent,5,22
8164,original,0,301
8164,original,1,41
8164,original,2,10
8164,original,3,51
8164,original,4,80
8164,original,5,42
8164,typical_business,0,301
8164,typical_business,1,41
8164,typical_business,2,10
8164,typical_business,3,51
8164,typical_business,4,81
8164,typical_business,5,41
8164,one_percent,0,301
8164,one_percent,1,41
8164,one_percent,2,10
8164,one_percent,3,55
8164,one_percent,4,81
8164,one_percent,5,37
8164,five_percent,0,308
8164,five_percent,1,44
8164,five_percent,2,10
8164,five_percent,3,55
8164,five_percent,4,83
8164,five_percent,5,25
1856,original,0,247
1856,original,1,59
1856,original,2,64
1856,original,3,11
1856,original,4,78
1856,original,5,66
1856,typical_business,0,248
1856,typical_business,1,60
1856,typical_business,2,68
1856,typical_business,3,11
1856,typical_business,4,78
1856,typical_business,5,60
1856,one_percent,0,255
1856,one_percent,1,65
1856,one_percent,2,62
1856,one_percent,3,11
1856,one_percent,4,79
1856,one_percent,5,53
1856,five_percent,0,282
1856,five_percent,1,78
1856,five_percent,2,50
1856,five_percent,3,15
1856,five_percent,4,76
1856,five_percent,5,24
8342,original,0,271
8342,original,1,70
8342,original,2,13
8342,original,3,25
8342,original,4,55
8342,original,5,91
8342,typical_business,0,271
8342,typical_business,1,71
8342,typical_business,2,13
8342,typical_business,3,24
8342,typical_business,4,55
8342,typical_business,5,91
8342,one_percent,0,271
8342,one_percent,1,72
8342,one_percent,2,16
8342,one_percent,3,24
8342,one_percent,4,55
8342,one_percent,5,87
8342,five_percent,0,279
8342,five_percent,1,69
8342,five_percent,2,16
8342,five_percent,3,26
8342,five_percent,4,68
8342,five_percent,5,67
440,original,0,212
440,original,1,61
440,original,2,94
440,original,3,51
440,original,4,29
440,original,5,78
440,typical_business,0,216
440,typical_business,1,63
440,typical_business,2,88
440,typical_business,3,51
440,typical_business,4,30
440,typical_business,5,77
440,one_percent,0,220
440,one_percent,1,67
440,one_percent,2,83
440,one_percent,3,49
440,one_percent,4,33
440,one_percent,5,73
440,five_percent,0,233
440,five_percent,1,72
440,five_percent,2,83
440,five_percent,3,60
440,five_percent,4,33
440,five_percent,5,44
8148,original,0,292
8148,original,1,82
8148,original,2,13
8148,original,3,27
8148,original,4,44
8148,original,5,67
8148,typical_business,0,293
8148,typical_business,1,81
8148,typical_business,2,13
8148,typical_business,3,27
8148,typical_business,4,44
8148,typical_business,5,67
8148,one_percent,0,293
8148,one_percent,1,85
8148,one_percent,2,15
8148,one_percent,3,25
8148,one_percent,4,41
8148,one_percent,5,66
8148,five_percent,0,297
8148,five_percent,1,98
8148,five_percent,2,22
8148,five_percent,3,18
8148,five_percent,4,53
8148,five_percent,5,37
136,original,0,287
136,original,1,70
136,original,2,32
136,original,3,16
136,original,4,61
136,original,5,59
136,typical_business,0,287
136,typical_business,1,70
136,typical_business,2,32
136,typical_business,3,16
136,typical_business,4,64
136,typical_business,5,56
136,one_percent,0,287
136,one_percent,1,70
136,one_percent,2,32
136,one_percent,3,16
136,one_percent,4,70
136,one_percent,5,50
136,five_percent,0,296
136,five_percent,1,73
136,five_percent,2,31
136,five_percent,3,18
136,five_percent,4,82
136,five_percent,5,25
753,original,0,250
753,original,1,65
753,original,2,37
753,original,3,33
753,original,4,72
753,original,5,68
753,typical_business,0,250
753,typical_business,1,65
753,typical_business,2,37
753,typical_business,3,33
753,typical_business,4,73
753,typical_business,5,67
753,one_percent,0,253
753,one_percent,1,65
753,one_percent,2,34
753,one_percent,3,34
753,one_percent,4,81
753,one_percent,5,58
753,five_percent,0,270
753,five_percent,1,67
753,five_percent,2,27
753,five_percent,3,39
753,five_percent,4,93
753,five_percent,5,29
